{"cameraMode":{"drawMode":0,"name":"Shaded","section":"Shading Mode"},"sceneLighting":true,"audioPlay":false,"sceneViewState":{"m_AlwaysRefresh":false,"showFog":true,"showSkybox":true,"showFlares":true,"showImageEffects":true,"showParticleSystems":true,"showVisualEffectGraphs":true,"m_FxEnabled":true},"in2DMode":false,"pivot":{"x":2.4936885833740236,"y":5.326938629150391,"z":-13.034156799316407},"rotation":{"x":0.012704530730843544,"y":-0.7082714438438416,"z":0.012749943882226944,"w":0.7057201266288757},"size":12.410699844360352,"orthographic":true}