{"cameraMode":{"drawMode":0,"name":"Shaded","section":"Shading Mode"},"sceneLighting":false,"audioPlay":false,"sceneViewState":{"m_AlwaysRefresh":false,"showFog":true,"showSkybox":false,"showFlares":true,"showImageEffects":true,"showParticleSystems":true,"showVisualEffectGraphs":true,"m_FxEnabled":true},"in2DMode":false,"pivot":{"x":-3.5299999713897707,"y":5.953158378601074,"z":0.05995607376098633},"rotation":{"x":0.0372268408536911,"y":-0.7230294346809387,"z":0.03908107429742813,"w":0.6887106895446777},"size":1.0495539903640748,"orthographic":true}